delete from entries;

INSERT into `puntoon`.`competitions`
(`tournament_id`, `name`, `organiser_id`, `invite_only`, `prize_percent`, `closing_entry_date`, `finish_date`)
values
(1, 'Inkberrow Football Club (Oct 16)', 26,0,50, '2016-09-30','2016-10-31'),
(2, 'Inkberrow Football Club (Nov 16)', 26,0,50, '2016-10-31','2016-11-30'),
(3, 'Inkberrow Football Club (Dec 16)', 26,0,50, '2016-11-30','2016-12-31'),
(4, 'Inkberrow Football Club (Jan 17)', 26,0,50, '2016-12-31','2017-01-31'),
(5, 'Inkberrow Football Club (Feb 17)', 26,0,50, '2017-01-31','2017-02-28'),
(6, 'Inkberrow Football Club (Mar 17)', 26,0,50, '2017-02-28','2017-03-31'),
(7, 'Inkberrow Football Club (Apr 17)', 26,0,50, '2017-03-31','2017-04-30');

INSERT into puntoon.users
(`firstname`,`surname`,`username`,`email`,`role`,`password`)
values
("","","<none>","none@none.com","punter",""),
('Andy','Forbes','aforbes','aforbes@junk.com','punter','d4c50859c4aaf95fde0950f39dd2a5b5b74e22d5'),
('Andrew','Higginson','ahigginson','ahigginson@junk.com','punter','d4c50859c4aaf95fde0950f39dd2a5b5b74e22d5'),
('Ashley','Hodges','ahodges','ahodges@junk.com','punter','d4c50859c4aaf95fde0950f39dd2a5b5b74e22d5'),
('Allan','Scrafton','ascrafton','ascrafton@junk.com','punter','d4c50859c4aaf95fde0950f39dd2a5b5b74e22d5'),
('Brian','Cunningham','bcunningham','bcunningham@junk.com','punter','d4c50859c4aaf95fde0950f39dd2a5b5b74e22d5'),
('Cindy','Bailey','cbailey','cbailey@junk.com','punter','d4c50859c4aaf95fde0950f39dd2a5b5b74e22d5'),
('Carl','Stenton','cstenton','cstenton@junk.com','punter','d4c50859c4aaf95fde0950f39dd2a5b5b74e22d5'),
('Dan','Bailey','dbailey','dbailey@junk.com','punter','d4c50859c4aaf95fde0950f39dd2a5b5b74e22d5'),
('Dominic','Bradshaw','dbradshaw','dbradshaw@junk.com','punter','d4c50859c4aaf95fde0950f39dd2a5b5b74e22d5'),
('David','Higginson','dhigginson','dhigginson@junk.com','punter','d4c50859c4aaf95fde0950f39dd2a5b5b74e22d5'),
('Dave','Johnson','djohnson','djohnson@junk.com','punter','d4c50859c4aaf95fde0950f39dd2a5b5b74e22d5'),
('Eddie','Hobson','ehobson','ehobson@junk.com','punter','d4c50859c4aaf95fde0950f39dd2a5b5b74e22d5'),
('Emily','Smithies','esmithies','esmithies@junk.com','punter','d4c50859c4aaf95fde0950f39dd2a5b5b74e22d5'),
('Harry','Coughlin','hcoughlin','hcoughlin@junk.com','punter','d4c50859c4aaf95fde0950f39dd2a5b5b74e22d5'),
('Jed','Bartley','jbartley','jbartley@junk.com','punter','d4c50859c4aaf95fde0950f39dd2a5b5b74e22d5'),
('Jim','Forsyth','jforsyth','jforsyth@junk.com','punter','d4c50859c4aaf95fde0950f39dd2a5b5b74e22d5'),
('Julia','Hodges','jhodges','jhodges@junk.com','punter','d4c50859c4aaf95fde0950f39dd2a5b5b74e22d5'),
('Judy','Kirk','jkirk','jkirk@junk.com','punter','d4c50859c4aaf95fde0950f39dd2a5b5b74e22d5'),
('Molly','Higginson','mhigginson','mhigginson@junk.com','punter','d4c50859c4aaf95fde0950f39dd2a5b5b74e22d5'),
('Mike','Hird','mhird','mhird@junk.com','punter','d4c50859c4aaf95fde0950f39dd2a5b5b74e22d5'),
('Maureen','Hobson','mhobson','mhobson@junk.com','punter','d4c50859c4aaf95fde0950f39dd2a5b5b74e22d5'),
('Nicky','Higginson','nhigginson','nhigginson@junk.com','punter','d4c50859c4aaf95fde0950f39dd2a5b5b74e22d5'),
('Paul','Evans','pevans','pevans@gmail.com','punter','d4c50859c4aaf95fde0950f39dd2a5b5b74e22d5'),
('Paul','Hodges','phodges','phodges@junk.com','punter','d4c50859c4aaf95fde0950f39dd2a5b5b74e22d5'),
('Rob','Bailey','robbailey','robbailey@junk.com','punter','d4c50859c4aaf95fde0950f39dd2a5b5b74e22d5'),
('Ryan','Bailey','ryanbailey','ryanbailey@junk.com','punter','d4c50859c4aaf95fde0950f39dd2a5b5b74e22d5'),
('Sharon','Cole','scole','scole@junk.com','punter','d4c50859c4aaf95fde0950f39dd2a5b5b74e22d5'),
('Steve','Price','sprice','sprice@junk.com','punter','d4c50859c4aaf95fde0950f39dd2a5b5b74e22d5'),
('Tim','Cole','tcole','tcole@junk.com','punter','d4c50859c4aaf95fde0950f39dd2a5b5b74e22d5'),
('Vanessa','Bradshaw','vbradshaw','vbradshaw@junk.com','punter','d4c50859c4aaf95fde0950f39dd2a5b5b74e22d5'),
('Will','Islip','wislip','wislip@junk.com','punter','d4c50859c4aaf95fde0950f39dd2a5b5b74e22d5');


INSERT INTO `puntoon`.`entries`
(`tournament_id`,`competition_id`,`user_id`,`name`,`team_1_id`,`team_2_id`,`team_3_id`,`team_4_id`,`team_5_id`,`status_id`)
VALUES
(1,1,5,'Allan Scrafton',10,6,15,7,12,0),
(1,1,3,'Andrew Higginson',8,13,1,6,20,0),
(1,1,2,'Andy Forbes',10,16,12,6,14,0),
(1,1,4,'Ashley Hodges',10,4,14,2,20,0),
(1,1,6,'Brian Cunningham',9,8,14,2,20,0),
(1,1,8,'Carl Stenton',15,2,16,19,8,0),
(1,1,7,'Cindy Bailey',14,3,7,2,8,0),
(1,1,9,'Dan Bailey',11,10,1,6,18,0),
(1,1,12,'Dave Johnson',14,5,6,17,19,0),
(1,1,11,'David Higginson',17,18,8,5,14,0),
(1,1,10,'Dominic Bradshaw',20,14,19,15,2,0),
(1,1,13,'Eddie Hobson',2,1,7,6,8,0),
(1,1,14,'Emily Smithies',10,14,8,9,20,0),
(1,1,15,'Harry Coughlin',9,10,1,17,6,0),
(1,1,16,'Jed Bartley',14,7,3,18,12,0),
(1,1,17,'Jim Forsyth',5,8,19,13,9,0),
(1,1,19,'Judy Kirk',4,18,7,2,6,0),
(1,1,18,'Julia Hodges',16,12,11,9,5,0),
(1,1,22,'Maureen Hobson',13,12,17,10,5,0),
(1,1,21,'Mike Hird',6,4,5,9,13,0),
(1,1,20,'Molly Higginson',10,2,20,9,5,0),
(1,1,23,'Nicky Higginson',11,4,7,14,3,0),
(1,1,24,'Paul Evans',19,8,3,15,2,0),
(1,1,25,'Paul Hodges',19,6,8,13,17,0),
(1,1,26,'Rob Bailey',10,5,20,9,14,0),
(1,1,27,'Ryan Bailey',11,6,3,18,5,0),
(1,1,28,'Sharon Cole',19,18,8,14,2,0),
(1,1,29,'Steve Price',16,14,19,5,17,0),
(1,1,30,'Tim Cole',4,1,17,5,20,0),
(1,1,31,'Vanessa Bradshaw',20,7,19,1,14,0),
(1,1,32,'Will Islip',7,5,3,1,18,0);

INSERT INTO `puntoon`.`entries`
(`tournament_id`,`competition_id`,`user_id`,`name`,`team_1_id`,`team_2_id`,`team_3_id`,`team_4_id`,`team_5_id`,`status_id`)
VALUES
(2,2,5,'Allan Scrafton',10,6,15,7,12,0),
(2,2,3,'Andrew Higginson',8,13,1,6,20,0),
(2,2,2,'Andy Forbes',10,16,12,6,14,0),
(2,2,4,'Ashley Hodges',10,4,14,2,20,0),
(2,2,6,'Brian Cunningham',9,8,14,2,20,0),
(2,2,8,'Carl Stenton',15,2,16,19,8,0),
(2,2,7,'Cindy Bailey',14,3,7,2,8,0),
(2,2,9,'Dan Bailey',11,10,1,6,18,0),
(2,2,12,'Dave Johnson',14,5,6,17,19,0),
(2,2,11,'David Higginson',17,18,8,5,14,0),
(2,2,10,'Dominic Bradshaw',20,14,19,15,2,0),
(2,2,13,'Eddie Hobson',2,1,7,6,8,0),
(2,2,14,'Emily Smithies',10,14,8,9,20,0),
(2,2,15,'Harry Coughlin',9,10,1,17,6,0),
(2,2,16,'Jed Bartley',14,7,3,18,12,0),
(2,2,17,'Jim Forsyth',5,8,19,13,9,0),
(2,2,19,'Judy Kirk',4,18,7,2,6,0),
(2,2,18,'Julia Hodges',16,12,11,9,5,0),
(2,2,22,'Maureen Hobson',13,12,17,10,5,0),
(2,2,21,'Mike Hird',6,4,5,9,13,0),
(2,2,20,'Molly Higginson',10,2,20,9,5,0),
(2,2,23,'Nicky Higginson',11,4,7,14,3,0),
(2,2,24,'Paul Evans',19,8,3,15,2,0),
(2,2,25,'Paul Hodges',19,6,8,13,17,0),
(2,2,26,'Rob Bailey',10,5,20,9,14,0),
(2,2,27,'Ryan Bailey',11,6,3,18,5,0),
(2,2,28,'Sharon Cole',19,18,8,14,2,0),
(2,2,29,'Steve Price',16,14,19,5,17,0),
(2,2,30,'Tim Cole',4,1,17,5,20,0),
(2,2,31,'Vanessa Bradshaw',20,7,19,1,14,0),
(2,2,32,'Will Islip',7,5,3,1,18,0);

INSERT INTO `puntoon`.`entries`
(`tournament_id`,`competition_id`,`user_id`,`name`,`team_1_id`,`team_2_id`,`team_3_id`,`team_4_id`,`team_5_id`,`status_id`)
VALUES
(3,3,5,'Allan Scrafton',10,6,15,7,12,0),
(3,3,3,'Andrew Higginson',8,13,1,6,20,0),
(3,3,2,'Andy Forbes',10,16,12,6,14,0),
(3,3,4,'Ashley Hodges',10,4,14,2,20,0),
(3,3,6,'Brian Cunningham',9,8,14,2,20,0),
(3,3,8,'Carl Stenton',15,2,16,19,8,0),
(3,3,7,'Cindy Bailey',14,3,7,2,8,0),
(3,3,9,'Dan Bailey',11,10,1,6,18,0),
(3,3,12,'Dave Johnson',14,5,6,17,19,0),
(3,3,11,'David Higginson',17,18,8,5,14,0),
(3,3,10,'Dominic Bradshaw',20,14,19,15,2,0),
(3,3,13,'Eddie Hobson',2,1,7,6,8,0),
(3,3,14,'Emily Smithies',10,14,8,9,20,0),
(3,3,15,'Harry Coughlin',9,10,1,17,6,0),
(3,3,16,'Jed Bartley',14,7,3,18,12,0),
(3,3,17,'Jim Forsyth',5,8,19,13,9,0),
(3,3,19,'Judy Kirk',4,18,7,2,6,0),
(3,3,18,'Julia Hodges',16,12,11,9,5,0),
(3,3,22,'Maureen Hobson',13,12,17,10,5,0),
(3,3,21,'Mike Hird',6,4,5,9,13,0),
(3,3,20,'Molly Higginson',10,2,20,9,5,0),
(3,3,23,'Nicky Higginson',11,4,7,14,3,0),
(3,3,24,'Paul Evans',19,8,3,15,2,0),
(3,3,25,'Paul Hodges',19,6,8,13,17,0),
(3,3,26,'Rob Bailey',10,5,20,9,14,0),
(3,3,27,'Ryan Bailey',11,6,3,18,5,0),
(3,3,28,'Sharon Cole',19,18,8,14,2,0),
(3,3,29,'Steve Price',16,14,19,5,17,0),
(3,3,30,'Tim Cole',4,1,17,5,20,0),
(3,3,31,'Vanessa Bradshaw',20,7,19,1,14,0),
(3,3,32,'Will Islip',7,5,3,1,18,0);

INSERT INTO `puntoon`.`entries`
(`tournament_id`,`competition_id`,`user_id`,`name`,`team_1_id`,`team_2_id`,`team_3_id`,`team_4_id`,`team_5_id`,`status_id`)
VALUES
(4,4,5,'Allan Scrafton',10,6,15,7,12,0),
(4,4,3,'Andrew Higginson',8,13,1,6,20,0),
(4,4,2,'Andy Forbes',10,16,12,6,14,0),
(4,4,4,'Ashley Hodges',10,4,14,2,20,0),
(4,4,6,'Brian Cunningham',9,8,14,2,20,0),
(4,4,8,'Carl Stenton',15,2,16,19,8,0),
(4,4,7,'Cindy Bailey',14,3,7,2,8,0),
(4,4,9,'Dan Bailey',11,10,1,6,18,0),
(4,4,12,'Dave Johnson',14,5,6,17,19,0),
(4,4,11,'David Higginson',17,18,8,5,14,0),
(4,4,10,'Dominic Bradshaw',20,14,19,15,2,0),
(4,4,13,'Eddie Hobson',2,1,7,6,8,0),
(4,4,14,'Emily Smithies',10,14,8,9,20,0),
(4,4,15,'Harry Coughlin',9,10,1,17,6,0),
(4,4,16,'Jed Bartley',14,7,3,18,12,0),
(4,4,17,'Jim Forsyth',5,8,19,13,9,0),
(4,4,19,'Judy Kirk',4,18,7,2,6,0),
(4,4,18,'Julia Hodges',16,12,11,9,5,0),
(4,4,22,'Maureen Hobson',13,12,17,10,5,0),
(4,4,21,'Mike Hird',6,4,5,9,13,0),
(4,4,20,'Molly Higginson',10,2,20,9,5,0),
(4,4,23,'Nicky Higginson',11,4,7,14,3,0),
(4,4,24,'Paul Evans',19,8,3,15,2,0),
(4,4,25,'Paul Hodges',19,6,8,13,17,0),
(4,4,26,'Rob Bailey',10,5,20,9,14,0),
(4,4,27,'Ryan Bailey',11,6,3,18,5,0),
(4,4,28,'Sharon Cole',19,18,8,14,2,0),
(4,4,29,'Steve Price',16,14,19,5,17,0),
(4,4,30,'Tim Cole',4,1,17,5,20,0),
(4,4,31,'Vanessa Bradshaw',20,7,19,1,14,0),
(4,4,32,'Will Islip',7,5,3,1,18,0);

INSERT INTO `puntoon`.`entries`
(`tournament_id`,`competition_id`,`user_id`,`name`,`team_1_id`,`team_2_id`,`team_3_id`,`team_4_id`,`team_5_id`,`status_id`)
VALUES
(5,5,5,'Allan Scrafton',10,6,15,7,12,0),
(5,5,3,'Andrew Higginson',8,13,1,6,20,0),
(5,5,2,'Andy Forbes',10,16,12,6,14,0),
(5,5,4,'Ashley Hodges',10,4,14,2,20,0),
(5,5,6,'Brian Cunningham',9,8,14,2,20,0),
(5,5,8,'Carl Stenton',15,2,16,19,8,0),
(5,5,7,'Cindy Bailey',14,3,7,2,8,0),
(5,5,9,'Dan Bailey',11,10,1,6,18,0),
(5,5,12,'Dave Johnson',14,5,6,17,19,0),
(5,5,11,'David Higginson',17,18,8,5,14,0),
(5,5,10,'Dominic Bradshaw',20,14,19,15,2,0),
(5,5,13,'Eddie Hobson',2,1,7,6,8,0),
(5,5,14,'Emily Smithies',10,14,8,9,20,0),
(5,5,15,'Harry Coughlin',9,10,1,17,6,0),
(5,5,16,'Jed Bartley',14,7,3,18,12,0),
(5,5,17,'Jim Forsyth',5,8,19,13,9,0),
(5,5,19,'Judy Kirk',4,18,7,2,6,0),
(5,5,18,'Julia Hodges',16,12,11,9,5,0),
(5,5,22,'Maureen Hobson',13,12,17,10,5,0),
(5,5,21,'Mike Hird',6,4,5,9,13,0),
(5,5,20,'Molly Higginson',10,2,20,9,5,0),
(5,5,23,'Nicky Higginson',11,4,7,14,3,0),
(5,5,24,'Paul Evans',19,8,3,15,2,0),
(5,5,25,'Paul Hodges',19,6,8,13,17,0),
(5,5,26,'Rob Bailey',10,5,20,9,14,0),
(5,5,27,'Ryan Bailey',11,6,3,18,5,0),
(5,5,28,'Sharon Cole',19,18,8,14,2,0),
(5,5,29,'Steve Price',16,14,19,5,17,0),
(5,5,30,'Tim Cole',4,1,17,5,20,0),
(5,5,31,'Vanessa Bradshaw',20,7,19,1,14,0),
(5,5,32,'Will Islip',7,5,3,1,18,0);

INSERT INTO `puntoon`.`entries`
(`tournament_id`,`competition_id`,`user_id`,`name`,`team_1_id`,`team_2_id`,`team_3_id`,`team_4_id`,`team_5_id`,`status_id`)
VALUES
(6,6,5,'Allan Scrafton',10,6,15,7,12,0),
(6,6,3,'Andrew Higginson',8,13,1,6,20,0),
(6,6,2,'Andy Forbes',10,16,12,6,14,0),
(6,6,4,'Ashley Hodges',10,4,14,2,20,0),
(6,6,6,'Brian Cunningham',9,8,14,2,20,0),
(6,6,8,'Carl Stenton',15,2,16,19,8,0),
(6,6,7,'Cindy Bailey',14,3,7,2,8,0),
(6,6,9,'Dan Bailey',11,10,1,6,18,0),
(6,6,12,'Dave Johnson',14,5,6,17,19,0),
(6,6,11,'David Higginson',17,18,8,5,14,0),
(6,6,10,'Dominic Bradshaw',20,14,19,15,2,0),
(6,6,13,'Eddie Hobson',2,1,7,6,8,0),
(6,6,14,'Emily Smithies',10,14,8,9,20,0),
(6,6,15,'Harry Coughlin',9,10,1,17,6,0),
(6,6,16,'Jed Bartley',14,7,3,18,12,0),
(6,6,17,'Jim Forsyth',5,8,19,13,9,0),
(6,6,19,'Judy Kirk',4,18,7,2,6,0),
(6,6,18,'Julia Hodges',16,12,11,9,5,0),
(6,6,22,'Maureen Hobson',13,12,17,10,5,0),
(6,6,21,'Mike Hird',6,4,5,9,13,0),
(6,6,20,'Molly Higginson',10,2,20,9,5,0),
(6,6,23,'Nicky Higginson',11,4,7,14,3,0),
(6,6,24,'Paul Evans',19,8,3,15,2,0),
(6,6,25,'Paul Hodges',19,6,8,13,17,0),
(6,6,26,'Rob Bailey',10,5,20,9,14,0),
(6,6,27,'Ryan Bailey',11,6,3,18,5,0),
(6,6,28,'Sharon Cole',19,18,8,14,2,0),
(6,6,29,'Steve Price',16,14,19,5,17,0),
(6,6,30,'Tim Cole',4,1,17,5,20,0),
(6,6,31,'Vanessa Bradshaw',20,7,19,1,14,0),
(6,6,32,'Will Islip',7,5,3,1,18,0);

INSERT INTO `puntoon`.`entries`
(`tournament_id`,`competition_id`,`user_id`,`name`,`team_1_id`,`team_2_id`,`team_3_id`,`team_4_id`,`team_5_id`,`status_id`)
VALUES
(7,7,5,'Allan Scrafton',10,6,15,7,12,0),
(7,7,3,'Andrew Higginson',8,13,1,6,20,0),
(7,7,2,'Andy Forbes',10,16,12,6,14,0),
(7,7,4,'Ashley Hodges',10,4,14,2,20,0),
(7,7,6,'Brian Cunningham',9,8,14,2,20,0),
(7,7,8,'Carl Stenton',15,2,16,19,8,0),
(7,7,7,'Cindy Bailey',14,3,7,2,8,0),
(7,7,9,'Dan Bailey',11,10,1,6,18,0),
(7,7,12,'Dave Johnson',14,5,6,17,19,0),
(7,7,11,'David Higginson',17,18,8,5,14,0),
(7,7,10,'Dominic Bradshaw',20,14,19,15,2,0),
(7,7,13,'Eddie Hobson',2,1,7,6,8,0),
(7,7,14,'Emily Smithies',10,14,8,9,20,0),
(7,7,15,'Harry Coughlin',9,10,1,17,6,0),
(7,7,16,'Jed Bartley',14,7,3,18,12,0),
(7,7,17,'Jim Forsyth',5,8,19,13,9,0),
(7,7,19,'Judy Kirk',4,18,7,2,6,0),
(7,7,18,'Julia Hodges',16,12,11,9,5,0),
(7,7,22,'Maureen Hobson',13,12,17,10,5,0),
(7,7,21,'Mike Hird',6,4,5,9,13,0),
(7,7,20,'Molly Higginson',10,2,20,9,5,0),
(7,7,23,'Nicky Higginson',11,4,7,14,3,0),
(7,7,24,'Paul Evans',19,8,3,15,2,0),
(7,7,25,'Paul Hodges',19,6,8,13,17,0),
(7,7,26,'Rob Bailey',10,5,20,9,14,0),
(7,7,27,'Ryan Bailey',11,6,3,18,5,0),
(7,7,28,'Sharon Cole',19,18,8,14,2,0),
(7,7,29,'Steve Price',16,14,19,5,17,0),
(7,7,30,'Tim Cole',4,1,17,5,20,0),
(7,7,31,'Vanessa Bradshaw',20,7,19,1,14,0),
(7,7,32,'Will Islip',7,5,3,1,18,0);

